Source,Target,Type,Id,Label
"MY","NP","Undirected","1","1.1.1"
"MB","MY","Undirected","2","1.1.1"
"ME","MY","Undirected","3","1.1.1"
"MB","ME","Undirected","4","1.1.1"
"HD","MY","Undirected","5","1.1.2"
"MB","MY","Undirected","6","1.1.2"
"MG","MY","Undirected","7","1.1.2"
"MB","ME","Undirected","8","1.1.2"
"MB","MY","Undirected","9","1.1.2"
"MS","MY","Undirected","10","1.1.3"
"ME","MY","Undirected","11","1.1.4"
"CL","MY","Undirected","12","1.1.4"
"GE","MY","Undirected","13","1.1.4"
"MC","MY","Undirected","14","1.1.4"
"MB","MY","Undirected","15","1.1.4"
"CD","MY","Undirected","16","1.1.4"
"MB","MY","Undirected","17","1.1.5"
"ME","MY","Undirected","18","1.1.5"
"MB","ME","Undirected","19","1.1.5"
"ME","MY","Undirected","20","1.1.6"
"CA","MY","Undirected","21","1.1.6"
"MH","MY","Undirected","22","1.1.7"
"CB","MY","Undirected","23","1.1.7"
"CV","MY","Undirected","24","1.1.7"
"MB","MY","Undirected","25","1.1.7"
"ME","MY","Undirected","26","1.1.7"
"MB","ME","Undirected","27","1.1.7"
"MY","SN","Undirected","28","1.1.8"
"MB","VB","Undirected","29","1.1.9"
"GG","SB","Undirected","30","1.1.10"
"GG","MY","Undirected","31","1.1.10"
"MY","SN","Undirected","32","1.1.14"
"GD","JV","Undirected","33","1.2.1"
"JL","JV","Undirected","34","1.2.1"
"JL","KB","Undirected","35","1.2.1"
"JL","JV","Undirected","36","1.2.1"
"JV","KT","Undirected","37","1.2.1"
"FM","JV","Undirected","38","1.2.1"
"FM","JL","Undirected","39","1.2.1"
"FM","KT","Undirected","40","1.2.1"
"JV","KT","Undirected","41","1.2.1"
"JD","JV","Undirected","42","1.2.1"
"JV","PD","Undirected","43","1.2.1"
"PD","PE","Undirected","44","1.2.1"
"JV","MR","Undirected","45","1.2.1"
"ME","MY","Undirected","46","1.2.2"
"MB","MY","Undirected","47","1.2.2"
"MB","ME","Undirected","48","1.2.2"
"JV","ME","Undirected","49","1.2.3"
"JV","MB","Undirected","50","1.2.3"
"JV","MY","Undirected","51","1.2.3"
"MB","ME","Undirected","52","1.2.3"
"ME","MY","Undirected","53","1.2.3"
"MB","MY","Undirected","54","1.2.3"
"MB","VB","Undirected","55","1.2.4"
"JV","MY","Undirected","56","1.2.4"
"MB","MY","Undirected","57","1.2.4"
"JV","MB","Undirected","58","1.2.4"
"JV","MY","Undirected","59","1.2.4"
"MB","MY","Undirected","60","1.2.4"
"ME","MY","Undirected","61","1.2.4"
"JV","MB","Undirected","62","1.2.4"
"JV","ME","Undirected","63","1.2.4"
"MB","ME","Undirected","64","1.2.4"
"MB","MY","Undirected","65","1.2.5"
"JV","MY","Undirected","66","1.2.5"
"JM","JV","Undirected","67","1.2.6"
"JV","MD","Undirected","68","1.2.6"
"IS","JV","Undirected","69","1.2.6"
"JV","PR","Undirected","70","1.2.6"
"JM","JN","Undirected","71","1.2.6"
"JN","KD","Undirected","72","1.2.6"
"DO","JV","Undirected","73","1.2.9"
"ME","MY","Undirected","74","1.2.12"
"JV","TR","Undirected","75","1.2.12"
"JV","MY","Undirected","76","1.2.12"
"MY","TR","Undirected","77","1.2.12"
"JV","MY","Undirected","78","1.2.12"
"JV","PG","Undirected","79","1.2.13"
"JV","PH","Undirected","80","1.2.13"
"FT","LI","Undirected","81","1.3.3"
"FA","FT","Undirected","82","1.3.3"
"BL","FT","Undirected","83","1.3.3"
"FT","FV","Undirected","84","1.3.3"
"DA","FT","Undirected","85","1.3.3"
"FT","ZE","Undirected","86","1.3.3"
"FN","FT","Undirected","87","1.3.3"
"FA","LI","Undirected","88","1.3.3"
"BL","LI","Undirected","89","1.3.3"
"FV","LI","Undirected","90","1.3.3"
"DA","LI","Undirected","91","1.3.3"
"LI","ZE","Undirected","92","1.3.3"
"FN","LI","Undirected","93","1.3.3"
"BL","FA","Undirected","94","1.3.3"
"FA","FV","Undirected","95","1.3.3"
"DA","FA","Undirected","96","1.3.3"
"FA","ZE","Undirected","97","1.3.3"
"FA","FN","Undirected","98","1.3.3"
"BL","FV","Undirected","99","1.3.3"
"BL","DA","Undirected","100","1.3.3"
"BL","ZE","Undirected","101","1.3.3"
"BL","FN","Undirected","102","1.3.3"
"DA","FV","Undirected","103","1.3.3"
"FV","ZE","Undirected","104","1.3.3"
"FN","FV","Undirected","105","1.3.3"
"DA","ZE","Undirected","106","1.3.3"
"DA","FN","Undirected","107","1.3.3"
"FN","ZE","Undirected","108","1.3.3"
"FT","LI","Undirected","109","1.3.4"
"FA","FT","Undirected","110","1.3.4"
"BL","FT","Undirected","111","1.3.4"
"FT","FV","Undirected","112","1.3.4"
"DA","FT","Undirected","113","1.3.4"
"FT","ZE","Undirected","114","1.3.4"
"FN","FT","Undirected","115","1.3.4"
"FA","LI","Undirected","116","1.3.4"
"BL","LI","Undirected","117","1.3.4"
"FV","LI","Undirected","118","1.3.4"
"DA","LI","Undirected","119","1.3.4"
"LI","ZE","Undirected","120","1.3.4"
"FN","LI","Undirected","121","1.3.4"
"BL","FA","Undirected","122","1.3.4"
"FA","FV","Undirected","123","1.3.4"
"DA","FA","Undirected","124","1.3.4"
"FA","ZE","Undirected","125","1.3.4"
"FA","FN","Undirected","126","1.3.4"
"BL","FV","Undirected","127","1.3.4"
"BL","DA","Undirected","128","1.3.4"
"BL","ZE","Undirected","129","1.3.4"
"BL","FN","Undirected","130","1.3.4"
"DA","FV","Undirected","131","1.3.4"
"FV","ZE","Undirected","132","1.3.4"
"FN","FV","Undirected","133","1.3.4"
"DA","ZE","Undirected","134","1.3.4"
"DA","FN","Undirected","135","1.3.4"
"FN","ZE","Undirected","136","1.3.4"
"DA","FA","Undirected","137","1.3.6"
"FA","FT","Undirected","138","1.3.6"
"FA","ZE","Undirected","139","1.3.6"
"FA","FN","Undirected","140","1.3.6"
"FA","LI","Undirected","141","1.3.6"
"FA","FV","Undirected","142","1.3.6"
"BL","FA","Undirected","143","1.3.6"
"DA","FT","Undirected","144","1.3.6"
"DA","ZE","Undirected","145","1.3.6"
"DA","FN","Undirected","146","1.3.6"
"DA","LI","Undirected","147","1.3.6"
"DA","FV","Undirected","148","1.3.6"
"BL","DA","Undirected","149","1.3.6"
"FT","ZE","Undirected","150","1.3.6"
"FN","FT","Undirected","151","1.3.6"
"FT","LI","Undirected","152","1.3.6"
"FT","FV","Undirected","153","1.3.6"
"BL","FT","Undirected","154","1.3.6"
"FN","ZE","Undirected","155","1.3.6"
"LI","ZE","Undirected","156","1.3.6"
"FV","ZE","Undirected","157","1.3.6"
"BL","ZE","Undirected","158","1.3.6"
"FN","LI","Undirected","159","1.3.6"
"FN","FV","Undirected","160","1.3.6"
"BL","FN","Undirected","161","1.3.6"
"FV","LI","Undirected","162","1.3.6"
"BL","LI","Undirected","163","1.3.6"
"BL","FV","Undirected","164","1.3.6"
"BL","FT","Undirected","165","1.3.7"
"FA","FT","Undirected","166","1.3.7"
"FT","LI","Undirected","167","1.3.7"
"FT","FV","Undirected","168","1.3.7"
"BL","FA","Undirected","169","1.3.7"
"BL","LI","Undirected","170","1.3.7"
"BL","FV","Undirected","171","1.3.7"
"FA","LI","Undirected","172","1.3.7"
"FA","FV","Undirected","173","1.3.7"
"FV","LI","Undirected","174","1.3.7"
"BL","ZE","Undirected","175","1.3.8"
"FV","ZE","Undirected","176","1.3.8"
"FT","ZE","Undirected","177","1.3.8"
"FA","ZE","Undirected","178","1.3.8"
"LI","ZE","Undirected","179","1.3.8"
"DA","ZE","Undirected","180","1.3.8"
"FN","ZE","Undirected","181","1.3.8"
"BL","FV","Undirected","182","1.3.8"
"BL","FT","Undirected","183","1.3.8"
"BL","FA","Undirected","184","1.3.8"
"BL","LI","Undirected","185","1.3.8"
"BL","DA","Undirected","186","1.3.8"
"BL","FN","Undirected","187","1.3.8"
"FT","FV","Undirected","188","1.3.8"
"FA","FV","Undirected","189","1.3.8"
"FV","LI","Undirected","190","1.3.8"
"DA","FV","Undirected","191","1.3.8"
"FN","FV","Undirected","192","1.3.8"
"FA","FT","Undirected","193","1.3.8"
"FT","LI","Undirected","194","1.3.8"
"DA","FT","Undirected","195","1.3.8"
"FN","FT","Undirected","196","1.3.8"
"FA","LI","Undirected","197","1.3.8"
"DA","FA","Undirected","198","1.3.8"
"FA","FN","Undirected","199","1.3.8"
"DA","LI","Undirected","200","1.3.8"
"FN","LI","Undirected","201","1.3.8"
"DA","FN","Undirected","202","1.3.8"
"DA","FV","Undirected","203","1.3.9"
"FV","ZE","Undirected","204","1.3.9"
"FN","FV","Undirected","205","1.3.9"
"DA","ZE","Undirected","206","1.3.9"
"DA","FN","Undirected","207","1.3.9"
"FN","ZE","Undirected","208","1.3.9"
"FV","WB","Undirected","209","1.3.9"
"DA","WB","Undirected","210","1.3.9"
"WB","ZE","Undirected","211","1.3.9"
"FN","WB","Undirected","212","1.3.9"
"DA","FV","Undirected","213","1.3.9"
"FV","ZE","Undirected","214","1.3.9"
"FN","FV","Undirected","215","1.3.9"
"DA","ZE","Undirected","216","1.3.9"
"DA","FN","Undirected","217","1.3.9"
"FN","ZE","Undirected","218","1.3.9"
"AZ","EP","Undirected","219","1.4.1"
"EP","TM","Undirected","220","1.4.1"
"AZ","TM","Undirected","221","1.4.1"
"FN","TM","Undirected","222","1.4.1"
"CO","TM","Undirected","223","1.4.1"
"CO","FN","Undirected","224","1.4.1"
"FN","TM","Undirected","225","1.4.1"
"AZ","CO","Undirected","226","1.4.1"
"CO","EP","Undirected","227","1.4.1"
"AZ","EP","Undirected","228","1.4.1"
"TH","TM","Undirected","229","1.4.1"
"FN","TH","Undirected","230","1.4.1"
"FN","TM","Undirected","231","1.4.1"
"CO","FN","Undirected","232","1.4.1"
"FN","NT","Undirected","233","1.4.1"
"CO","TH","Undirected","234","1.4.3"
"CO","TM","Undirected","235","1.4.3"
"TH","TM","Undirected","236","1.4.3"
"AZ","EP","Undirected","237","1.4.3"
"CO","EP","Undirected","238","1.4.3"
"AZ","CO","Undirected","239","1.4.3"
"DM","JV","Undirected","240","1.5.4"
"FF","JV","Undirected","241","1.5.6"
"JA","JV","Undirected","242","1.5.6"
"FF","JA","Undirected","243","1.5.6"
"TH","VI","Undirected","244","1.5.8"
"TM","VI","Undirected","245","1.5.8"
"CO","VI","Undirected","246","1.5.8"
"TH","TM","Undirected","247","1.5.8"
"CO","TH","Undirected","248","1.5.8"
"CO","TM","Undirected","249","1.5.8"
"FN","SF","Undirected","250","1.5.8"
"FN","SF","Undirected","251","1.5.9"
"FD","FN","Undirected","252","1.5.9"
"FL","FN","Undirected","253","1.5.9"
"FN","MT","Undirected","254","1.5.9"
"FN","VI","Undirected","255","1.5.9"
"FN","MT","Undirected","256","1.5.10"
"FB","FN","Undirected","257","1.5.10"
"FN","ID","Undirected","258","1.5.10"
"FN","MT","Undirected","259","1.5.10"
"BM","FN","Undirected","260","1.5.12"
"FN","JA","Undirected","261","1.5.12"
"JA","SG","Undirected","262","1.5.13"
"FN","JA","Undirected","263","1.5.13"
"FN","JA","Undirected","264","1.5.13"
"FN","JV","Undirected","265","1.5.13"
"JA","JV","Undirected","266","1.5.13"
"JA","JV","Undirected","267","1.5.13"
"FN","JV","Undirected","268","1.5.13"
"FN","JV","Undirected","269","1.6.1"
"TH","TM","Undirected","270","1.6.1"
"FN","JV","Undirected","271","1.6.1"
"DS","JV","Undirected","272","1.6.1"
"FN","TH","Undirected","273","1.6.1"
"JA","JV","Undirected","274","1.6.2"
"FN","JV","Undirected","275","1.7.1"
"SP","SS","Undirected","276","1.7.1"
"JV","SS","Undirected","277","1.7.1"
"FN","JV","Undirected","278","1.7.1"
"JV","SC","Undirected","279","1.7.2"
"SC","SD","Undirected","280","1.7.2"
"CI","PO","Undirected","281","1.7.2"
"JV","PO","Undirected","282","1.7.4"
"CE","JV","Undirected","283","1.7.5"
"BH","JV","Undirected","284","1.7.5"
"BW","JV","Undirected","285","1.7.5"
"JV","WH","Undirected","286","1.7.5"
"JV","WI","Undirected","287","1.7.5"
"IK","JV","Undirected","288","1.7.5"
"JV","SE","Undirected","289","1.7.5"
"JV","TE","Undirected","290","1.7.5"
"JV","RM","Undirected","291","1.7.5"
"JV","PT","Undirected","292","1.7.5"
"FN","SS","Undirected","293","1.7.6"
"DS","FN","Undirected","294","1.7.6"
"SM","SS","Undirected","295","1.7.6"
"FN","SM","Undirected","296","1.7.6"
"DS","FN","Undirected","297","1.7.6"
"DS","SS","Undirected","298","1.7.6"
"JV","LR","Undirected","299","1.7.7"
"JV","RA","Undirected","300","1.7.7"
"BC","JV","Undirected","301","1.7.7"
"AA","JV","Undirected","302","1.7.7"
"BI","JV","Undirected","303","1.7.7"
"BI","JU","Undirected","304","1.7.8"
"BI","JV","Undirected","305","1.7.8"
"CH","JV","Undirected","306","1.7.9"
"BM","JV","Undirected","307","1.7.9"
"JU","JV","Undirected","308","1.7.9"
"CH","JV","Undirected","309","1.7.9"
"CK","JV","Undirected","310","1.7.9"
"JV","PA","Undirected","311","1.7.9"
"BM","JU","Undirected","312","1.7.9"
"BM","CH","Undirected","313","1.7.9"
"BM","CK","Undirected","314","1.7.9"
"BM","PA","Undirected","315","1.7.9"
"CH","JU","Undirected","316","1.7.9"
"CK","JU","Undirected","317","1.7.9"
"JU","PA","Undirected","318","1.7.9"
"CH","CK","Undirected","319","1.7.9"
"CH","PA","Undirected","320","1.7.9"
"CK","PA","Undirected","321","1.7.9"
"CH","JU","Undirected","322","1.7.10"
"CH","PA","Undirected","323","1.7.10"
"JU","PA","Undirected","324","1.7.10"
"BI","JU","Undirected","325","1.7.10"
"BR","JU","Undirected","326","1.7.10"
"CN","JU","Undirected","327","1.7.10"
"CC","JU","Undirected","328","1.7.10"
"CH","JU","Undirected","329","1.7.10"
"BR","CN","Undirected","330","1.7.10"
"BR","CC","Undirected","331","1.7.10"
"BR","CH","Undirected","332","1.7.10"
"CC","CN","Undirected","333","1.7.10"
"CH","CN","Undirected","334","1.7.10"
"CC","CH","Undirected","335","1.7.10"
"BR","JV","Undirected","336","1.7.10"
"CN","JV","Undirected","337","1.7.10"
"CC","JV","Undirected","338","1.7.10"
"JU","JV","Undirected","339","1.7.10"
"JV","PA","Undirected","340","1.7.10"
"BM","JV","Undirected","341","1.7.10"
"BR","CN","Undirected","342","1.7.10"
"BR","CC","Undirected","343","1.7.10"
"BR","JU","Undirected","344","1.7.10"
"BR","PA","Undirected","345","1.7.10"
"BM","BR","Undirected","346","1.7.10"
"CC","CN","Undirected","347","1.7.10"
"CN","JU","Undirected","348","1.7.10"
"CN","PA","Undirected","349","1.7.10"
"BM","CN","Undirected","350","1.7.10"
"CC","JU","Undirected","351","1.7.10"
"CC","PA","Undirected","352","1.7.10"
"BM","CC","Undirected","353","1.7.10"
"JU","PA","Undirected","354","1.7.10"
"BM","JU","Undirected","355","1.7.10"
"BM","PA","Undirected","356","1.7.10"
"BR","JV","Undirected","357","1.7.11"
"CN","JV","Undirected","358","1.7.11"
"CC","JV","Undirected","359","1.7.11"
"JU","JV","Undirected","360","1.7.11"
"CH","JV","Undirected","361","1.7.11"
"JV","PA","Undirected","362","1.7.11"
"BR","CN","Undirected","363","1.7.11"
"BR","CC","Undirected","364","1.7.11"
"BR","JU","Undirected","365","1.7.11"
"BR","CH","Undirected","366","1.7.11"
"BR","PA","Undirected","367","1.7.11"
"CC","CN","Undirected","368","1.7.11"
"CN","JU","Undirected","369","1.7.11"
"CH","CN","Undirected","370","1.7.11"
"CN","PA","Undirected","371","1.7.11"
"CC","JU","Undirected","372","1.7.11"
"CC","CH","Undirected","373","1.7.11"
"CC","PA","Undirected","374","1.7.11"
"CH","JU","Undirected","375","1.7.11"
"JU","PA","Undirected","376","1.7.11"
"CH","PA","Undirected","377","1.7.11"
"FN","SS","Undirected","378","1.8.1"
"JV","SS","Undirected","379","1.8.1"
"FN","JV","Undirected","380","1.8.1"
"FN","JV","Undirected","381","1.8.2"
"DS","JV","Undirected","382","1.8.2"
"DS","FN","Undirected","383","1.8.2"
"FN","JV","Undirected","384","1.8.2"
"FN","JA","Undirected","385","1.8.2"
"JA","JV","Undirected","386","1.8.2"
"CH","JU","Undirected","387","1.8.3"
"CH","PA","Undirected","388","1.8.3"
"JU","PA","Undirected","389","1.8.3"
"JA","PA","Undirected","390","1.8.3"
"FN","JA","Undirected","391","1.8.3"
"JA","JV","Undirected","392","1.8.3"
"FN","JV","Undirected","393","1.8.3"
"FN","JV","Undirected","394","1.8.4"
"FN","JA","Undirected","395","1.8.4"
"JA","JV","Undirected","396","1.8.4"
"FN","JV","Undirected","397","1.8.4"
"JA","JV","Undirected","398","1.8.4"
"JA","JV","Undirected","399","1.8.5"
"JV","PO","Undirected","400","1.8.5"
"JV","SS","Undirected","401","1.8.5"
"JA","PO","Undirected","402","1.8.5"
"JA","SS","Undirected","403","1.8.5"
"GP","TH","Undirected","404","2.1.19"
"BZ","TH","Undirected","405","2.2.2"
"BZ","JV","Undirected","406","2.2.2"
"BS","JV","Undirected","407","2.2.3"
"CO","EP","Undirected","408","2.3.1"
"AZ","CO","Undirected","409","2.3.1"
"CO","GA","Undirected","410","2.3.1"
"AZ","EP","Undirected","411","2.3.1"
"EP","GA","Undirected","412","2.3.1"
"AZ","GA","Undirected","413","2.3.1"
"TH","TM","Undirected","414","2.3.2"
"CO","TM","Undirected","415","2.3.3"
"PZ","TM","Undirected","416","2.3.3"
"CO","PZ","Undirected","417","2.3.3"
"CO","TM","Undirected","418","2.3.3"
"AZ","EP","Undirected","419","2.3.4"
"CO","TM","Undirected","420","2.3.4"
"CO","JV","Undirected","421","2.3.5"
"JV","LP","Undirected","422","2.3.6"
"DH","JV","Undirected","423","2.3.6"
"DH","LP","Undirected","424","2.3.6"
"CF","JV","Undirected","425","2.3.6"
"CO","JV","Undirected","426","2.3.6"
"CO","JV","Undirected","427","2.3.7"
"CO","TM","Undirected","428","2.3.8"
"JV","TM","Undirected","429","2.3.8"
"JV","TH","Undirected","430","2.3.8"
"JV","TM","Undirected","431","2.3.8"
"TH","TM","Undirected","432","2.3.8"
"CO","JV","Undirected","433","2.3.8"
"CO","TM","Undirected","434","2.3.8"
"JV","TM","Undirected","435","2.3.8"
"CO","JV","Undirected","436","2.3.8"
"CO","TM","Undirected","437","2.3.8"
"JV","TM","Undirected","438","2.3.8"
"AZ","EP","Undirected","439","2.3.8"
"EP","TM","Undirected","440","2.3.8"
"AZ","TM","Undirected","441","2.3.8"
"JV","TM","Undirected","442","2.3.8"
"CO","JV","Undirected","443","2.3.8"
"CO","TM","Undirected","444","2.3.8"
"CO","TM","Undirected","445","2.3.8"
"TH","TM","Undirected","446","2.3.8"
"AZ","EP","Undirected","447","2.3.8"
"JV","TM","Undirected","448","2.3.8"
"EP","TM","Undirected","449","2.3.8"
"CO","TM","Undirected","450","2.3.8"
"JV","TM","Undirected","451","2.3.8"
"TH","TM","Undirected","452","2.3.8"
"JV","TH","Undirected","453","2.3.8"
"TH","TM","Undirected","454","2.3.8"
"CO","JV","Undirected","455","2.3.8"
"TH","TM","Undirected","456","2.3.9"
"TH","TM","Undirected","457","2.3.9"
"JV","TH","Undirected","458","2.3.9"
"JV","TM","Undirected","459","2.3.9"
"JV","TH","Undirected","460","2.3.9"
"CO","TM","Undirected","461","2.3.9"
"CO","JV","Undirected","462","2.3.9"
"TH","TM","Undirected","463","2.3.10"
"JV","TH","Undirected","464","2.3.10"
"CO","JV","Undirected","465","2.3.10"
"CO","JV","Undirected","466","2.3.11"
"CO","JV","Undirected","467","2.4.2"
"CO","JV","Undirected","468","2.4.3"
"CO","JV","Undirected","469","2.4.3"
"CO","JV","Undirected","470","2.4.4"
"JV","LL","Undirected","471","2.4.4"
"CO","LL","Undirected","472","2.4.4"
"JV","LL","Undirected","473","2.4.4"
"JA","JV","Undirected","474","2.4.5"
"CO","JV","Undirected","475","2.4.5"
"JA","JV","Undirected","476","2.4.5"
"JV","LL","Undirected","477","2.4.5"
"CO","JV","Undirected","478","2.5.1"
"JA","JV","Undirected","479","2.5.1"
"CO","JV","Undirected","480","2.5.2"
"JV","KA","Undirected","481","2.5.2"
"CO","JV","Undirected","482","2.5.3"
"CO","JV","Undirected","483","2.5.4"
"JV","SO","Undirected","484","2.5.5"
"JA","JV","Undirected","485","2.5.5"
"JA","SO","Undirected","486","2.5.5"
"CO","JV","Undirected","487","2.5.5"
"JA","SO","Undirected","488","2.5.5"
"CO","JV","Undirected","489","2.5.6"
"CO","JV","Undirected","490","2.5.7"
"CO","JV","Undirected","491","2.5.8"
"FF","JV","Undirected","492","2.5.8"
"CO","JV","Undirected","493","2.5.8"
"FF","JV","Undirected","494","2.5.9"
"CO","JV","Undirected","495","2.5.9"
"CO","FF","Undirected","496","2.5.9"
"FF","JV","Undirected","497","2.5.9"
"TH","TM","Undirected","498","2.5.10"
"JA","TH","Undirected","499","2.5.10"
"JA","TM","Undirected","500","2.5.10"
"JA","JV","Undirected","501","2.5.10"
"JA","LL","Undirected","502","2.5.10"
"JA","JV","Undirected","503","2.5.10"
"JA","SO","Undirected","504","2.5.10"
"CO","JV","Undirected","505","2.8.1"
"FF","JV","Undirected","506","2.8.1"
"CO","FF","Undirected","507","2.8.1"
"FF","MI","Undirected","508","2.8.2"
"FF","MI","Undirected","509","2.8.3"
"CO","JV","Undirected","510","2.8.4"
"FF","JV","Undirected","511","2.8.4"
"FF","GR","Undirected","512","2.8.5"
"FF","GR","Undirected","513","2.8.7"
"FF","JV","Undirected","514","2.8.7"
"FF","GR","Undirected","515","2.8.7"
"FF","MI","Undirected","516","2.8.8"
"FF","JV","Undirected","517","2.8.8"
"JV","MI","Undirected","518","2.8.8"
"CO","MI","Undirected","519","2.8.8"
"FF","MI","Undirected","520","2.8.8"
"CO","FF","Undirected","521","2.8.9"
"CO","JV","Undirected","522","2.8.9"
"FF","JV","Undirected","523","2.8.9"
"TH","TM","Undirected","524","3.1.13"
"EP","TH","Undirected","525","3.1.13"
"AZ","TH","Undirected","526","3.1.13"
"EP","TM","Undirected","527","3.1.13"
"AZ","TM","Undirected","528","3.1.13"
"AZ","EP","Undirected","529","3.1.13"
"GI","MN","Undirected","530","3.2.6"
"MG","MV","Undirected","531","3.2.8"
"MG","TG","Undirected","532","3.2.8"
"GI","MG","Undirected","533","3.2.8"
"MA","MG","Undirected","534","3.2.8"
"GI","MA","Undirected","535","3.2.8"
"BT","GI","Undirected","536","3.3.1"
"BT","LA","Undirected","537","3.3.1"
"GI","MG","Undirected","538","3.3.1"
"MA","MG","Undirected","539","3.3.1"
"GI","MA","Undirected","540","3.3.1"
"GP","WP","Undirected","541","3.3.2"
"AM","GP","Undirected","542","3.3.2"
"GP","NP","Undirected","543","3.3.2"
"GP","MP","Undirected","544","3.3.2"
"GI","MA","Undirected","545","3.3.2"
"GP","MA","Undirected","546","3.3.2"
"AM","GP","Undirected","547","3.3.2"
"GP","MM","Undirected","548","3.3.2"
"GP","MA","Undirected","549","3.3.2"
"GP","MM","Undirected","550","3.3.2"
"MA","MM","Undirected","551","3.3.2"
"BT","MA","Undirected","552","3.3.3"
"GI","MA","Undirected","553","3.3.4"
"MA","WP","Undirected","554","3.3.4"
"AM","GP","Undirected","555","3.3.4"
"DV","GP","Undirected","556","3.3.4"
"GP","WP","Undirected","557","3.3.4"
"AM","DV","Undirected","558","3.3.4"
"AM","WP","Undirected","559","3.3.4"
"DV","WP","Undirected","560","3.3.4"
"MA","MM","Undirected","561","3.3.5"
"GI","MA","Undirected","562","3.3.5"
"GI","MG","Undirected","563","3.3.5"
"MA","MG","Undirected","564","3.3.5"
"GI","MA","Undirected","565","3.3.7"
"MA","MG","Undirected","566","3.3.7"
"GI","MG","Undirected","567","3.3.7"
"MG","TG","Undirected","568","3.3.7"
"MA","TG","Undirected","569","3.3.7"
"GI","MA","Undirected","570","3.3.8"
"GI","MG","Undirected","571","3.3.8"
"GI","MA","Undirected","572","3.3.8"
"GI","MG","Undirected","573","3.3.8"
"BO","MA","Undirected","574","3.4.2"
"BO","MA","Undirected","575","3.4.2"
"CR","MA","Undirected","576","3.4.2"
"BO","CR","Undirected","577","3.4.2"
"CR","MA","Undirected","578","3.4.3"
"BA","MA","Undirected","579","3.4.3"
"CM","MA","Undirected","580","3.4.3"
"BA","CM","Undirected","581","3.4.3"
"EN","MA","Undirected","582","3.4.3"
"CR","MA","Undirected","583","3.4.3"
"CR","EN","Undirected","584","3.4.3"
"EN","MA","Undirected","585","3.4.4"
"BO","GT","Undirected","586","3.4.4"
"BA","JO","Undirected","587","3.4.4"
"GT","JO","Undirected","588","3.4.4"
"BA","GT","Undirected","589","3.4.4"
"CO","CR","Undirected","590","3.4.4"
"BO","CO","Undirected","591","3.4.5"
"BO","MA","Undirected","592","3.4.5"
"BO","CR","Undirected","593","3.4.5"
"BO","EN","Undirected","594","3.4.5"
"BA","BO","Undirected","595","3.4.5"
"CO","MA","Undirected","596","3.4.5"
"CO","CR","Undirected","597","3.4.5"
"CO","EN","Undirected","598","3.4.5"
"BA","CO","Undirected","599","3.4.5"
"CR","MA","Undirected","600","3.4.5"
"EN","MA","Undirected","601","3.4.5"
"BA","MA","Undirected","602","3.4.5"
"CR","EN","Undirected","603","3.4.5"
"BA","CR","Undirected","604","3.4.5"
"BA","EN","Undirected","605","3.4.5"
"EN","MA","Undirected","606","3.4.5"
"CO","MA","Undirected","607","3.4.5"
"CO","EN","Undirected","608","3.4.5"
"EN","MA","Undirected","609","3.4.5"
"CR","MA","Undirected","610","3.4.6"
"MM","PL","Undirected","611","3.5.4"
"CR","MA","Undirected","612","3.5.5"
"MA","MM","Undirected","613","3.5.5"
"MA","SR","Undirected","614","3.5.5"
"GI","MG","Undirected","615","3.5.6"
"GI","MG","Undirected","616","3.5.6"
"GI","TG","Undirected","617","3.5.6"
"MG","TG","Undirected","618","3.5.6"
"GI","TG","Undirected","619","3.5.6"
"CO","MA","Undirected","620","3.6.1"
"JV","MA","Undirected","621","3.6.1"
"CO","MA","Undirected","622","3.6.1"
"CO","JV","Undirected","623","3.6.1"
"JV","MA","Undirected","624","3.6.2"
"CO","MA","Undirected","625","3.6.2"
"CO","JV","Undirected","626","3.6.2"
"CO","MA","Undirected","627","3.6.3"
"CR","MA","Undirected","628","3.6.4"
"JV","MA","Undirected","629","3.6.4"
"CO","MA","Undirected","630","3.6.4"
"CO","JV","Undirected","631","3.6.4"
"BU","CR","Undirected","632","3.6.5"
"BU","MA","Undirected","633","3.6.5"
"CO","MA","Undirected","634","3.6.5"
"JV","MA","Undirected","635","3.6.5"
"CO","JV","Undirected","636","3.6.5"
"CO","MA","Undirected","637","3.6.6"
"JV","MA","Undirected","638","3.6.6"
"CO","JV","Undirected","639","3.6.6"
"CO","MA","Undirected","640","3.6.6"
"CR","MA","Undirected","641","3.6.6"
"JP","MA","Undirected","642","3.6.6"
"CR","JP","Undirected","643","3.6.6"
"JV","MA","Undirected","644","3.6.7"
"CO","MA","Undirected","645","3.6.7"
"CO","JV","Undirected","646","3.6.7"
"CO","MA","Undirected","647","3.6.8"
"JV","MA","Undirected","648","3.6.8"
"CO","JV","Undirected","649","3.6.8"
"CO","MA","Undirected","650","3.6.9"
"JV","MA","Undirected","651","3.6.9"
"CO","JV","Undirected","652","3.6.9"
"MA","PS","Undirected","653","3.6.9"
"JV","MA","Undirected","654","3.6.9"
"CO","MA","Undirected","655","3.6.9"
"CO","JV","Undirected","656","3.6.9"
"MA","PS","Undirected","657","3.6.9"
"GU","QU","Undirected","658","3.7.3"
"GU","QU","Undirected","659","3.7.4"
"EP","MA","Undirected","660","3.8.3"
"EP","MA","Undirected","661","3.8.4"
"TH","TM","Undirected","662","3.8.6"
"EP","TH","Undirected","663","3.8.7"
"EP","TM","Undirected","664","3.8.7"
"TH","TM","Undirected","665","3.8.7"
"EP","TH","Undirected","666","3.8.7"
"AZ","TH","Undirected","667","3.8.7"
"TH","TM","Undirected","668","3.8.7"
"AZ","TH","Undirected","669","3.8.7"
"EP","TH","Undirected","670","3.8.8"
"EP","TM","Undirected","671","3.8.8"
"TH","TM","Undirected","672","3.8.8"
"JV","TH","Undirected","673","3.8.8"
"CO","TH","Undirected","674","3.8.8"
"CO","JV","Undirected","675","3.8.8"
"JV","TH","Undirected","676","3.8.9"
"TH","TM","Undirected","677","3.8.9"
"AZ","TH","Undirected","678","3.8.9"
"JV","TM","Undirected","679","3.8.9"
"AZ","JV","Undirected","680","3.8.9"
"AZ","TM","Undirected","681","3.8.9"
"AZ","CO","Undirected","682","3.8.9"
"CO","TH","Undirected","683","3.8.9"
"CO","JV","Undirected","684","3.8.9"
"AZ","TH","Undirected","685","3.8.9"
"AZ","JV","Undirected","686","3.8.9"
"JV","TH","Undirected","687","3.8.9"
"JV","TH","Undirected","688","3.8.9"
"CO","JV","Undirected","689","3.8.9"
"EP","JV","Undirected","690","3.8.9"
"CO","TH","Undirected","691","3.8.10"
"AZ","CO","Undirected","692","3.8.10"
"AZ","TH","Undirected","693","3.8.10"
"CG","MA","Undirected","694","3.8.10"
"PN","TH","Undirected","695","3.8.10"
"EP","MA","Undirected","696","3.8.11"
"TH","TM","Undirected","697","3.8.12"
"AZ","TH","Undirected","698","3.8.12"
"EP","TH","Undirected","699","3.8.12"
"AZ","TM","Undirected","700","3.8.12"
"EP","TM","Undirected","701","3.8.12"
"AZ","EP","Undirected","702","3.8.12"
"TH","TM","Undirected","703","3.8.12"
"BJ","MA","Undirected","704","3.8.13"
"DU","MA","Undirected","705","3.8.13"
"BJ","DU","Undirected","706","3.8.13"
"JA","MA","Undirected","707","3.8.14"
"BO","CR","Undirected","708","3.8.15"
"CR","MA","Undirected","709","3.8.15"
"BO","MA","Undirected","710","3.8.15"
"MA","TH","Undirected","711","3.8.15"
"TH","TM","Undirected","712","3.8.16"
"EP","TH","Undirected","713","3.8.16"
"AZ","TH","Undirected","714","3.8.16"
"EP","TM","Undirected","715","3.8.16"
"AZ","TM","Undirected","716","3.8.16"
"AZ","EP","Undirected","717","3.8.16"
"EP","MA","Undirected","718","3.8.16"
"EP","TH","Undirected","719","3.8.16"
"AZ","TH","Undirected","720","3.8.16"
"AZ","EP","Undirected","721","3.8.16"
"TH","TM","Undirected","722","3.8.17"
"TH","TM","Undirected","723","3.8.18"
"JV","TH","Undirected","724","3.8.18"
"JV","TM","Undirected","725","3.8.18"
"JV","TH","Undirected","726","3.8.19"
"JV","TM","Undirected","727","3.8.19"
"TH","TM","Undirected","728","3.8.19"
"BJ","PN","Undirected","729","3.8.19"
"DU","PN","Undirected","730","3.8.19"
"BZ","PN","Undirected","731","3.8.19"
"BJ","DU","Undirected","732","3.8.19"
"BJ","BZ","Undirected","733","3.8.19"
"BZ","DU","Undirected","734","3.8.19"
"JV","TH","Undirected","735","3.8.19"
"BB","GU","Undirected","736","3.8.20"
"BB","QU","Undirected","737","3.8.20"
"GU","QU","Undirected","738","3.8.20"
"BB","TH","Undirected","739","3.8.20"
"BJ","PN","Undirected","740","3.8.20"
"DU","PN","Undirected","741","3.8.20"
"BJ","DU","Undirected","742","3.8.20"
"JV","TH","Undirected","743","3.8.20"
"GU","TH","Undirected","744","3.8.20"
"JV","PN","Undirected","745","3.8.20"
"JV","TH","Undirected","746","3.8.20"
"PN","TH","Undirected","747","3.8.20"
"JV","PN","Undirected","748","3.8.20"
"BJ","JV","Undirected","749","3.8.20"
"DU","JV","Undirected","750","3.8.20"
"GU","JV","Undirected","751","3.8.20"
"BB","JV","Undirected","752","3.8.20"
"JV","QU","Undirected","753","3.8.20"
"BJ","PN","Undirected","754","3.8.20"
"DU","PN","Undirected","755","3.8.20"
"GU","PN","Undirected","756","3.8.20"
"BB","PN","Undirected","757","3.8.20"
"PN","QU","Undirected","758","3.8.20"
"BJ","DU","Undirected","759","3.8.20"
"BJ","GU","Undirected","760","3.8.20"
"BB","BJ","Undirected","761","3.8.20"
"BJ","QU","Undirected","762","3.8.20"
"DU","GU","Undirected","763","3.8.20"
"BB","DU","Undirected","764","3.8.20"
"DU","QU","Undirected","765","3.8.20"
"BB","GU","Undirected","766","3.8.20"
"GU","QU","Undirected","767","3.8.20"
"BB","QU","Undirected","768","3.8.20"
"TH","TM","Undirected","769","3.8.20"
"BZ","TH","Undirected","770","3.8.20"
"PN","TH","Undirected","771","3.8.20"
"BZ","PN","Undirected","772","3.8.20"
"BB","TH","Undirected","773","3.8.20"
"JV","TH","Undirected","774","3.8.20"
"PN","TH","Undirected","775","3.8.20"
"JV","PN","Undirected","776","3.8.20"
"JV","TH","Undirected","777","3.8.20"
"TH","TM","Undirected","778","3.8.20"
"JV","TH","Undirected","779","3.8.20"
"TH","TM","Undirected","780","3.8.20"
"JV","TH","Undirected","781","3.8.20"
"PN","TH","Undirected","782","3.8.20"
"JV","QU","Undirected","783","3.8.20"
"TH","TM","Undirected","784","3.8.20"
"TH","TM","Undirected","785","3.8.20"
"AZ","JA","Undirected","786","3.8.21"
"JA","TH","Undirected","787","3.8.21"
"JA","TM","Undirected","788","3.8.21"
"JA","PN","Undirected","789","3.8.21"
"BJ","JA","Undirected","790","3.8.21"
"DU","JA","Undirected","791","3.8.21"
"GU","JA","Undirected","792","3.8.21"
"BB","JA","Undirected","793","3.8.21"
"JA","QU","Undirected","794","3.8.21"
"TH","TM","Undirected","795","3.8.21"
"PN","TH","Undirected","796","3.8.21"
"BJ","TH","Undirected","797","3.8.21"
"DU","TH","Undirected","798","3.8.21"
"GU","TH","Undirected","799","3.8.21"
"BB","TH","Undirected","800","3.8.21"
"QU","TH","Undirected","801","3.8.21"
"PN","TM","Undirected","802","3.8.21"
"BJ","TM","Undirected","803","3.8.21"
"DU","TM","Undirected","804","3.8.21"
"GU","TM","Undirected","805","3.8.21"
"BB","TM","Undirected","806","3.8.21"
"QU","TM","Undirected","807","3.8.21"
"BJ","PN","Undirected","808","3.8.21"
"DU","PN","Undirected","809","3.8.21"
"GU","PN","Undirected","810","3.8.21"
"BB","PN","Undirected","811","3.8.21"
"PN","QU","Undirected","812","3.8.21"
"BJ","DU","Undirected","813","3.8.21"
"BJ","GU","Undirected","814","3.8.21"
"BB","BJ","Undirected","815","3.8.21"
"BJ","QU","Undirected","816","3.8.21"
"DU","GU","Undirected","817","3.8.21"
"BB","DU","Undirected","818","3.8.21"
"DU","QU","Undirected","819","3.8.21"
"BB","GU","Undirected","820","3.8.21"
"GU","QU","Undirected","821","3.8.21"
"BB","QU","Undirected","822","3.8.21"
"JA","PN","Undirected","823","3.8.21"
"JA","TH","Undirected","824","3.8.21"
"PN","TH","Undirected","825","3.8.21"
"JA","TM","Undirected","826","3.8.21"
"JA","PN","Undirected","827","3.8.21"
"BJ","JA","Undirected","828","3.8.21"
"DU","JA","Undirected","829","3.8.21"
"GU","JA","Undirected","830","3.8.21"
"BB","JA","Undirected","831","3.8.21"
"JA","QU","Undirected","832","3.8.21"
"BJ","PN","Undirected","833","3.8.21"
"DU","PN","Undirected","834","3.8.21"
"GU","PN","Undirected","835","3.8.21"
"BB","PN","Undirected","836","3.8.21"
"PN","QU","Undirected","837","3.8.21"
"BJ","DU","Undirected","838","3.8.21"
"BJ","GU","Undirected","839","3.8.21"
"BB","BJ","Undirected","840","3.8.21"
"BJ","QU","Undirected","841","3.8.21"
"DU","GU","Undirected","842","3.8.21"
"BB","DU","Undirected","843","3.8.21"
"DU","QU","Undirected","844","3.8.21"
"BB","GU","Undirected","845","3.8.21"
"GU","QU","Undirected","846","3.8.21"
"BB","QU","Undirected","847","3.8.21"
"BU","GA","Undirected","848","3.8.22"
"CR","EN","Undirected","849","4.1.6"
"EN","FE","Undirected","850","4.1.6"
"CM","EN","Undirected","851","4.1.6"
"BA","EN","Undirected","852","4.1.6"
"EN","JP","Undirected","853","4.1.6"
"EN","JO","Undirected","854","4.1.6"
"BO","EN","Undirected","855","4.1.6"
"CR","FE","Undirected","856","4.1.6"
"CM","CR","Undirected","857","4.1.6"
"BA","CR","Undirected","858","4.1.6"
"CR","JP","Undirected","859","4.1.6"
"CR","JO","Undirected","860","4.1.6"
"BO","CR","Undirected","861","4.1.6"
"CM","FE","Undirected","862","4.1.6"
"BA","FE","Undirected","863","4.1.6"
"FE","JP","Undirected","864","4.1.6"
"FE","JO","Undirected","865","4.1.6"
"BO","FE","Undirected","866","4.1.6"
"BA","CM","Undirected","867","4.1.6"
"CM","JP","Undirected","868","4.1.6"
"CM","JO","Undirected","869","4.1.6"
"BO","CM","Undirected","870","4.1.6"
"BA","JP","Undirected","871","4.1.6"
"BA","JO","Undirected","872","4.1.6"
"BA","BO","Undirected","873","4.1.6"
"JO","JP","Undirected","874","4.1.6"
"BO","JP","Undirected","875","4.1.6"
"BO","JO","Undirected","876","4.1.6"
"EN","GT","Undirected","877","4.1.6"
"EN","GT","Undirected","878","4.1.6"
"CP","GT","Undirected","879","4.1.6"
"CR","MA","Undirected","880","4.2.1"
"BU","MA","Undirected","881","4.2.1"
"BU","JA","Undirected","882","4.2.1"
"CR","MA","Undirected","883","4.2.1"
"BB","BJ","Undirected","884","4.2.2"
"BJ","GU","Undirected","885","4.2.2"
"BB","GU","Undirected","886","4.2.2"
"BJ","GF","Undirected","887","4.2.2"
"BB","BJ","Undirected","888","4.2.2"
"BB","BF","Undirected","889","4.2.2"
"BF","MN","Undirected","890","4.2.2"
"EP","MN","Undirected","891","4.2.2"
"EP","MN","Undirected","892","4.2.2"
"BB","EP","Undirected","893","4.2.2"
"BB","MN","Undirected","894","4.2.2"
"BB","BJ","Undirected","895","4.2.2"
"MA","MM","Undirected","896","4.2.3"
"EP","MM","Undirected","897","4.2.3"
"EP","MA","Undirected","898","4.2.4"
"CO","JV","Undirected","899","4.3.1"
"JV","TS","Undirected","900","4.3.1"
"CO","TS","Undirected","901","4.3.1"
"CO","JV","Undirected","902","4.3.2"
"JV","TS","Undirected","903","4.3.2"
"CO","TS","Undirected","904","4.3.2"
"CO","JV","Undirected","905","4.3.4"
"CO","TS","Undirected","906","4.3.5"
"CO","JV","Undirected","907","4.3.5"
"JV","TS","Undirected","908","4.3.5"
"CO","JV","Undirected","909","4.3.5"
"CO","MA","Undirected","910","4.3.6"
"JV","MA","Undirected","911","4.3.7"
"CO","JV","Undirected","912","4.3.7"
"JV","PS","Undirected","913","4.3.7"
"JV","MA","Undirected","914","4.3.7"
"CO","JV","Undirected","915","4.3.7"
"CO","JV","Undirected","916","4.3.8"
"CO","JV","Undirected","917","4.4.1"
"MM","PL","Undirected","918","4.4.2"
"GA","MO","Undirected","919","4.4.2"
"GA","JV","Undirected","920","4.4.2"
"JV","MO","Undirected","921","4.4.2"
"GA","MO","Undirected","922","4.4.2"
"GA","MM","Undirected","923","4.4.2"
"MM","PL","Undirected","924","4.4.2"
"CO","TG","Undirected","925","4.5.1"
"CO","JV","Undirected","926","4.5.2"
"CO","TS","Undirected","927","4.5.3"
"CO","MA","Undirected","928","4.5.6"
"MN","TM","Undirected","929","4.6.1"
"MN","XA","Undirected","930","4.6.1"
"MN","XB","Undirected","931","4.6.1"
"GI","MN","Undirected","932","4.6.1"
"XA","XB","Undirected","933","4.6.1"
"GI","XA","Undirected","934","4.6.1"
"GI","XB","Undirected","935","4.6.1"
"TH","TM","Undirected","936","4.6.1"
"MN","XA","Undirected","937","4.6.1"
"MN","XB","Undirected","938","4.6.1"
"XA","XB","Undirected","939","4.6.1"
"EP","MN","Undirected","940","4.6.1"
"XA","XB","Undirected","941","4.6.1"
"BG","GA","Undirected","942","4.6.2"
"XA","XB","Undirected","943","4.6.2"
"BG","XA","Undirected","944","4.6.2"
"BG","XB","Undirected","945","4.6.2"
"GA","XA","Undirected","946","4.6.2"
"GA","XB","Undirected","947","4.6.2"
"XA","XB","Undirected","948","4.6.2"
"GA","XA","Undirected","949","4.6.2"
"GA","XB","Undirected","950","4.6.2"
"XA","XB","Undirected","951","4.6.2"
"GA","GL","Undirected","952","4.6.2"
"BK","GA","Undirected","953","4.6.2"
"GA","MO","Undirected","954","4.6.2"
"GA","XA","Undirected","955","4.6.2"
"GA","XB","Undirected","956","4.6.2"
"XA","XB","Undirected","957","4.6.2"
"GA","MO","Undirected","958","4.6.2"
"BB","BJ","Undirected","959","4.6.3"
"BB","GU","Undirected","960","4.6.3"
"BB","TH","Undirected","961","4.6.3"
"BJ","GU","Undirected","962","4.6.3"
"BJ","TH","Undirected","963","4.6.3"
"GU","TH","Undirected","964","4.6.3"
"BJ","GU","Undirected","965","4.6.3"
"BJ","GU","Undirected","966","4.6.3"
"BB","BJ","Undirected","967","4.6.3"
"BJ","MO","Undirected","968","4.6.3"
"BB","GU","Undirected","969","4.6.3"
"GU","MO","Undirected","970","4.6.3"
"BB","MO","Undirected","971","4.6.3"
"BJ","TH","Undirected","972","4.6.3"
"BB","BJ","Undirected","973","4.6.3"
"BJ","MO","Undirected","974","4.6.3"
"BJ","GU","Undirected","975","4.6.3"
"BJ","TH","Undirected","976","4.6.3"
"BB","MO","Undirected","977","4.6.3"
"BB","GU","Undirected","978","4.6.3"
"BB","TH","Undirected","979","4.6.3"
"GU","MO","Undirected","980","4.6.3"
"MO","TH","Undirected","981","4.6.3"
"GU","TH","Undirected","982","4.6.3"
"BB","TH","Undirected","983","4.6.3"
"BJ","TH","Undirected","984","4.6.3"
"GU","TH","Undirected","985","4.6.3"
"MO","TH","Undirected","986","4.6.3"
"GA","TH","Undirected","987","4.6.3"
"BB","BJ","Undirected","988","4.6.3"
"BB","GU","Undirected","989","4.6.3"
"BB","MO","Undirected","990","4.6.3"
"BB","GA","Undirected","991","4.6.3"
"BJ","GU","Undirected","992","4.6.3"
"BJ","MO","Undirected","993","4.6.3"
"BJ","GA","Undirected","994","4.6.3"
"GU","MO","Undirected","995","4.6.3"
"GA","GU","Undirected","996","4.6.3"
"GA","MO","Undirected","997","4.6.3"
"BB","TH","Undirected","998","4.6.3"
"CO","MA","Undirected","999","4.8.1"
"CO","MA","Undirected","1000","4.8.2"
"CO","JV","Undirected","1001","4.8.3"
"JV","TS","Undirected","1002","4.8.3"
"CO","TS","Undirected","1003","4.8.3"
"BA","CR","Undirected","1004","4.8.3"
"CR","MA","Undirected","1005","4.8.3"
"CO","MA","Undirected","1006","4.8.3"
"EP","MA","Undirected","1007","4.8.3"
"EP","MA","Undirected","1008","4.8.4"
"BB","EP","Undirected","1009","4.8.4"
"BJ","EP","Undirected","1010","4.8.4"
"EP","GU","Undirected","1011","4.8.4"
"EP","TH","Undirected","1012","4.8.4"
"EP","QU","Undirected","1013","4.8.4"
"EP","MO","Undirected","1014","4.8.4"
"BB","BJ","Undirected","1015","4.8.4"
"BB","GU","Undirected","1016","4.8.4"
"BB","TH","Undirected","1017","4.8.4"
"BB","QU","Undirected","1018","4.8.4"
"BB","MO","Undirected","1019","4.8.4"
"BJ","GU","Undirected","1020","4.8.4"
"BJ","TH","Undirected","1021","4.8.4"
"BJ","QU","Undirected","1022","4.8.4"
"BJ","MO","Undirected","1023","4.8.4"
"GU","TH","Undirected","1024","4.8.4"
"GU","QU","Undirected","1025","4.8.4"
"GU","MO","Undirected","1026","4.8.4"
"QU","TH","Undirected","1027","4.8.4"
"MO","TH","Undirected","1028","4.8.4"
"MO","QU","Undirected","1029","4.8.4"
"CO","MA","Undirected","1030","4.8.6"
"GI","MG","Undirected","1031","4.8.7"
"BQ","GI","Undirected","1032","4.8.7"
"GI","MA","Undirected","1033","4.8.7"
"GI","MG","Undirected","1034","4.8.7"
"EP","JV","Undirected","1035","4.9.1"
"CR","MA","Undirected","1036","4.9.2"
"EP","MA","Undirected","1037","4.9.2"
"MM","PL","Undirected","1038","4.9.3"
"MM","MU","Undirected","1039","4.9.3"
"MU","MW","Undirected","1040","4.9.3"
"GN","MM","Undirected","1041","4.9.3"
"GA","GS","Undirected","1042","4.11.1"
"RP","TC","Undirected","1043","4.11.2"
"GA","RP","Undirected","1044","4.11.2"
"GA","TC","Undirected","1045","4.11.2"
"RP","TC","Undirected","1046","4.11.2"
"GA","RP","Undirected","1047","4.11.2"
"BG","OS","Undirected","1048","4.11.3"
"BG","GA","Undirected","1049","4.11.3"
"CR","EN","Undirected","1050","4.11.4"
"CO","EN","Undirected","1051","4.11.4"
"EN","FE","Undirected","1052","4.11.4"
"EN","JP","Undirected","1053","4.11.4"
"BA","EN","Undirected","1054","4.11.4"
"CO","CR","Undirected","1055","4.11.4"
"CR","FE","Undirected","1056","4.11.4"
"CR","JP","Undirected","1057","4.11.4"
"BA","CR","Undirected","1058","4.11.4"
"CO","FE","Undirected","1059","4.11.4"
"CO","JP","Undirected","1060","4.11.4"
"BA","CO","Undirected","1061","4.11.4"
"FE","JP","Undirected","1062","4.11.4"
"BA","FE","Undirected","1063","4.11.4"
"BA","JP","Undirected","1064","4.11.4"
"CR","GA","Undirected","1065","4.11.4"
"BA","FE","Undirected","1066","4.11.4"
"BA","EN","Undirected","1067","4.11.4"
"BA","GA","Undirected","1068","4.11.4"
"CR","GA","Undirected","1069","4.11.4"
"CM","EN","Undirected","1070","4.11.5"
"CR","EN","Undirected","1071","4.11.5"
"EN","MM","Undirected","1072","4.11.5"
"CM","CR","Undirected","1073","4.11.5"
"CM","MM","Undirected","1074","4.11.5"
"CR","MM","Undirected","1075","4.11.5"
"CR","MM","Undirected","1076","4.11.5"
"CR","EN","Undirected","1077","4.11.6"
"CM","CR","Undirected","1078","4.11.6"
"CR","JA","Undirected","1079","4.11.6"
"CM","EN","Undirected","1080","4.11.6"
"EN","JA","Undirected","1081","4.11.6"
"CM","JA","Undirected","1082","4.11.6"
"CR","CW","Undirected","1083","4.11.6"
"CR","EP","Undirected","1084","4.11.6"
"HL","ML","Undirected","1085","4.12.1"
"GB","HL","Undirected","1086","4.12.1"
"GB","ML","Undirected","1087","4.12.1"
"BO","JO","Undirected","1088","4.12.2"
"BO","ML","Undirected","1089","4.12.2"
"BO","GB","Undirected","1090","4.12.2"
"JO","ML","Undirected","1091","4.12.2"
"GB","JO","Undirected","1092","4.12.2"
"GB","ML","Undirected","1093","4.12.2"
"BO","GT","Undirected","1094","4.12.2"
"GT","JO","Undirected","1095","4.12.2"
"BO","JO","Undirected","1096","4.12.2"
"BO","NA","Undirected","1097","4.12.2"
"GT","HL","Undirected","1098","4.12.2"
"JO","ML","Undirected","1099","4.12.2"
"GB","JO","Undirected","1100","4.12.2"
"GB","ML","Undirected","1101","4.12.2"
"BO","CR","Undirected","1102","4.12.2"
"BO","JO","Undirected","1103","4.12.3"
"BO","CR","Undirected","1104","4.12.3"
"CR","JO","Undirected","1105","4.12.3"
"BA","GA","Undirected","1106","4.12.3"
"EN","FE","Undirected","1107","4.12.3"
"EN","ML","Undirected","1108","4.12.3"
"EN","GB","Undirected","1109","4.12.3"
"FE","ML","Undirected","1110","4.12.3"
"FE","GB","Undirected","1111","4.12.3"
"GB","ML","Undirected","1112","4.12.3"
"GT","JO","Undirected","1113","4.12.3"
"CR","GT","Undirected","1114","4.12.3"
"GT","ML","Undirected","1115","4.12.3"
"EN","GT","Undirected","1116","4.12.3"
"BA","CR","Undirected","1117","4.12.4"
"BA","HL","Undirected","1118","4.12.4"
"CR","HL","Undirected","1119","4.12.4"
"CM","EN","Undirected","1120","4.12.4"
"CR","EN","Undirected","1121","4.12.4"
"CM","CR","Undirected","1122","4.12.4"
"HL","ML","Undirected","1123","4.12.4"
"GB","HL","Undirected","1124","4.12.4"
"GB","ML","Undirected","1125","4.12.4"
"CM","GA","Undirected","1126","4.12.4"
"EN","GA","Undirected","1127","4.12.4"
"CM","EN","Undirected","1128","4.12.4"
"DN","GA","Undirected","1129","4.12.4"
"CR","EN","Undirected","1130","4.12.5"
"CM","EN","Undirected","1131","4.12.6"
"CR","EN","Undirected","1132","4.12.6"
"EN","JP","Undirected","1133","4.12.6"
"EN","FE","Undirected","1134","4.12.6"
"BO","EN","Undirected","1135","4.12.6"
"EN","JO","Undirected","1136","4.12.6"
"BA","EN","Undirected","1137","4.12.6"
"CM","CR","Undirected","1138","4.12.6"
"CM","JP","Undirected","1139","4.12.6"
"CM","FE","Undirected","1140","4.12.6"
"BO","CM","Undirected","1141","4.12.6"
"CM","JO","Undirected","1142","4.12.6"
"BA","CM","Undirected","1143","4.12.6"
"CR","JP","Undirected","1144","4.12.6"
"CR","FE","Undirected","1145","4.12.6"
"BO","CR","Undirected","1146","4.12.6"
"CR","JO","Undirected","1147","4.12.6"
"BA","CR","Undirected","1148","4.12.6"
"FE","JP","Undirected","1149","4.12.6"
"BO","JP","Undirected","1150","4.12.6"
"JO","JP","Undirected","1151","4.12.6"
"BA","JP","Undirected","1152","4.12.6"
"BO","FE","Undirected","1153","4.12.6"
"FE","JO","Undirected","1154","4.12.6"
"BA","FE","Undirected","1155","4.12.6"
"BO","JO","Undirected","1156","4.12.6"
"BA","BO","Undirected","1157","4.12.6"
"BA","JO","Undirected","1158","4.12.6"
"EN","GA","Undirected","1159","4.12.7"
"GA","JA","Undirected","1160","4.12.7"
"EN","GA","Undirected","1161","4.12.7"
"EN","JA","Undirected","1162","4.12.7"
"GA","JA","Undirected","1163","4.12.7"
"EN","JA","Undirected","1164","4.12.7"
"PC","QU","Undirected","1165","4.12.8"
"EN","QU","Undirected","1166","4.12.8"
"CM","EN","Undirected","1167","4.12.8"
"EN","JP","Undirected","1168","4.12.8"
"CM","JP","Undirected","1169","4.12.8"
"CR","EP","Undirected","1170","4.12.8"
"CM","EN","Undirected","1171","4.14.1"
"EN","GA","Undirected","1172","4.14.1"
"CM","GA","Undirected","1173","4.14.1"
"CM","EN","Undirected","1174","4.14.1"
"CR","EN","Undirected","1175","4.14.1"
"BO","EN","Undirected","1176","4.14.1"
"EN","JO","Undirected","1177","4.14.1"
"BA","EN","Undirected","1178","4.14.1"
"EN","GA","Undirected","1179","4.14.1"
"EN","FE","Undirected","1180","4.14.1"
"EN","MM","Undirected","1181","4.14.1"
"EN","GV","Undirected","1182","4.14.1"
"CM","CR","Undirected","1183","4.14.1"
"BO","CM","Undirected","1184","4.14.1"
"CM","JO","Undirected","1185","4.14.1"
"BA","CM","Undirected","1186","4.14.1"
"CM","GA","Undirected","1187","4.14.1"
"CM","FE","Undirected","1188","4.14.1"
"CM","MM","Undirected","1189","4.14.1"
"CM","GV","Undirected","1190","4.14.1"
"BO","CR","Undirected","1191","4.14.1"
"CR","JO","Undirected","1192","4.14.1"
"BA","CR","Undirected","1193","4.14.1"
"CR","GA","Undirected","1194","4.14.1"
"CR","FE","Undirected","1195","4.14.1"
"CR","MM","Undirected","1196","4.14.1"
"CR","GV","Undirected","1197","4.14.1"
"BO","JO","Undirected","1198","4.14.1"
"BA","BO","Undirected","1199","4.14.1"
"BO","GA","Undirected","1200","4.14.1"
"BO","FE","Undirected","1201","4.14.1"
"BO","MM","Undirected","1202","4.14.1"
"BO","GV","Undirected","1203","4.14.1"
"BA","JO","Undirected","1204","4.14.1"
"GA","JO","Undirected","1205","4.14.1"
"FE","JO","Undirected","1206","4.14.1"
"JO","MM","Undirected","1207","4.14.1"
"GV","JO","Undirected","1208","4.14.1"
"BA","GA","Undirected","1209","4.14.1"
"BA","FE","Undirected","1210","4.14.1"
"BA","MM","Undirected","1211","4.14.1"
"BA","GV","Undirected","1212","4.14.1"
"FE","GA","Undirected","1213","4.14.1"
"GA","MM","Undirected","1214","4.14.1"
"GA","GV","Undirected","1215","4.14.1"
"FE","MM","Undirected","1216","4.14.1"
"FE","GV","Undirected","1217","4.14.1"
"GV","MM","Undirected","1218","4.14.1"
"CR","EN","Undirected","1219","4.14.2"
"EN","JA","Undirected","1220","4.14.3"
"CR","GA","Undirected","1221","4.14.3"
"EN","GA","Undirected","1222","4.14.3"
"GA","JP","Undirected","1223","4.14.3"
"CM","GA","Undirected","1224","4.14.3"
"GA","JO","Undirected","1225","4.14.3"
"BA","GA","Undirected","1226","4.14.3"
"BO","GA","Undirected","1227","4.14.3"
"CR","EN","Undirected","1228","4.14.3"
"CR","JP","Undirected","1229","4.14.3"
"CM","CR","Undirected","1230","4.14.3"
"CR","JO","Undirected","1231","4.14.3"
"BA","CR","Undirected","1232","4.14.3"
"BO","CR","Undirected","1233","4.14.3"
"EN","JP","Undirected","1234","4.14.3"
"CM","EN","Undirected","1235","4.14.3"
"EN","JO","Undirected","1236","4.14.3"
"BA","EN","Undirected","1237","4.14.3"
"BO","EN","Undirected","1238","4.14.3"
"CM","JP","Undirected","1239","4.14.3"
"JO","JP","Undirected","1240","4.14.3"
"BA","JP","Undirected","1241","4.14.3"
"BO","JP","Undirected","1242","4.14.3"
"CM","JO","Undirected","1243","4.14.3"
"BA","CM","Undirected","1244","4.14.3"
"BO","CM","Undirected","1245","4.14.3"
"BA","JO","Undirected","1246","4.14.3"
"BO","JO","Undirected","1247","4.14.3"
"BA","BO","Undirected","1248","4.14.3"
"BA","GV","Undirected","1249","4.14.3"
"GA","GV","Undirected","1250","4.14.3"
"BA","GA","Undirected","1251","4.14.3"
"CR","MA","Undirected","1252","4.14.3"
"EP","MA","Undirected","1253","4.14.4"
"CR","EN","Undirected","1254","4.14.4"
"EN","JP","Undirected","1255","4.14.4"
"CM","EN","Undirected","1256","4.14.4"
"EN","GV","Undirected","1257","4.14.4"
"CR","JP","Undirected","1258","4.14.4"
"CM","CR","Undirected","1259","4.14.4"
"CR","GV","Undirected","1260","4.14.4"
"CM","JP","Undirected","1261","4.14.4"
"GV","JP","Undirected","1262","4.14.4"
"CM","GV","Undirected","1263","4.14.4"
"CR","MA","Undirected","1264","4.14.5"
"BO","MA","Undirected","1265","4.14.5"
"GA","MA","Undirected","1266","4.14.5"
"EN","MA","Undirected","1267","4.14.5"
"BO","CR","Undirected","1268","4.14.5"
"CR","GA","Undirected","1269","4.14.5"
"CR","EN","Undirected","1270","4.14.5"
"BO","GA","Undirected","1271","4.14.5"
"BO","EN","Undirected","1272","4.14.5"
"EN","GA","Undirected","1273","4.14.5"
"JA","MA","Undirected","1274","4.14.5"
"CM","EN","Undirected","1275","4.14.5"
"EN","JP","Undirected","1276","4.14.5"
"CM","JP","Undirected","1277","4.14.5"
"CM","EN","Undirected","1278","4.14.5"
"EN","JA","Undirected","1279","4.14.5"
"EP","MA","Undirected","1280","4.14.6"
"CO","EP","Undirected","1281","4.14.7"
"CR","EP","Undirected","1282","4.14.7"
"GA","MA","Undirected","1283","4.14.7"
"CO","JA","Undirected","1284","4.15.1"
"JA","TS","Undirected","1285","4.15.1"
"CO","TS","Undirected","1286","4.15.1"
"JV","TS","Undirected","1287","4.15.1"
"JV","TS","Undirected","1288","4.15.1"
"GA","JV","Undirected","1289","4.15.2"
"DR","GA","Undirected","1290","4.15.4"
"GA","SI","Undirected","1291","4.15.4"
"EN","FE","Undirected","1292","5.1.2"
"CM","EN","Undirected","1293","5.1.2"
"BO","EN","Undirected","1294","5.1.2"
"CR","EN","Undirected","1295","5.1.2"
"EN","JO","Undirected","1296","5.1.2"
"EN","IW","Undirected","1297","5.1.2"
"CM","FE","Undirected","1298","5.1.2"
"BO","FE","Undirected","1299","5.1.2"
"CR","FE","Undirected","1300","5.1.2"
"FE","JO","Undirected","1301","5.1.2"
"FE","IW","Undirected","1302","5.1.2"
"BO","CM","Undirected","1303","5.1.2"
"CM","CR","Undirected","1304","5.1.2"
"CM","JO","Undirected","1305","5.1.2"
"CM","IW","Undirected","1306","5.1.2"
"BO","CR","Undirected","1307","5.1.2"
"BO","JO","Undirected","1308","5.1.2"
"BO","IW","Undirected","1309","5.1.2"
"CR","JO","Undirected","1310","5.1.2"
"CR","IW","Undirected","1311","5.1.2"
"IW","JO","Undirected","1312","5.1.2"
"BO","CM","Undirected","1313","5.1.2"
"EN","WA","Undirected","1314","5.1.3"
"EN","IW","Undirected","1315","5.1.4"
"CM","EN","Undirected","1316","5.1.4"
"CM","IW","Undirected","1317","5.1.4"
"IW","MA","Undirected","1318","5.1.4"
"EN","MA","Undirected","1319","5.1.4"
"CM","MA","Undirected","1320","5.1.4"
"CR","MA","Undirected","1321","5.1.4"
"IW","MA","Undirected","1322","5.1.4"
"CM","EN","Undirected","1323","5.1.4"
"CR","EN","Undirected","1324","5.1.4"
"EN","IW","Undirected","1325","5.1.4"
"CM","CR","Undirected","1326","5.1.4"
"CM","IW","Undirected","1327","5.1.4"
"CR","IW","Undirected","1328","5.1.4"
"JV","MA","Undirected","1329","5.1.4"
"EN","MA","Undirected","1330","5.1.4"
"EN","JV","Undirected","1331","5.1.4"
"EN","JA","Undirected","1332","5.1.6"
"EN","JA","Undirected","1333","5.1.6"
"EN","JV","Undirected","1334","5.1.6"
"JA","JV","Undirected","1335","5.1.6"
"CR","EN","Undirected","1336","5.1.7"
"EN","GV","Undirected","1337","5.1.7"
"BO","EN","Undirected","1338","5.1.7"
"CM","EN","Undirected","1339","5.1.7"
"CR","GV","Undirected","1340","5.1.7"
"BO","CR","Undirected","1341","5.1.7"
"CM","CR","Undirected","1342","5.1.7"
"BO","GV","Undirected","1343","5.1.7"
"CM","GV","Undirected","1344","5.1.7"
"BO","CM","Undirected","1345","5.1.7"
"BO","GA","Undirected","1346","5.1.7"
"GA","GV","Undirected","1347","5.1.7"
"BO","GV","Undirected","1348","5.1.7"
"GA","MA","Undirected","1349","5.1.8"
"GA","MA","Undirected","1350","5.1.8"
"JV","MA","Undirected","1351","5.1.8"
"GA","JV","Undirected","1352","5.1.8"
"CR","GA","Undirected","1353","5.1.8"
"EN","GV","Undirected","1354","5.1.8"
"CM","GV","Undirected","1355","5.1.8"
"CM","EN","Undirected","1356","5.1.8"
"CM","EN","Undirected","1357","5.1.9"
"EN","JV","Undirected","1358","5.1.9"
"EN","GV","Undirected","1359","5.1.9"
"CM","JV","Undirected","1360","5.1.9"
"CM","GV","Undirected","1361","5.1.9"
"GV","JV","Undirected","1362","5.1.9"
"EN","JV","Undirected","1363","5.1.9"
"BO","EN","Undirected","1364","5.1.9"
"BO","JV","Undirected","1365","5.1.9"
"GA","GV","Undirected","1366","5.1.11"
"CR","GV","Undirected","1367","5.1.11"
"CR","GA","Undirected","1368","5.1.11"
"EN","JV","Undirected","1369","5.1.11"
"BO","EN","Undirected","1370","5.1.11"
"BO","JV","Undirected","1371","5.1.11"
"BO","CM","Undirected","1372","5.1.12"
"CR","EN","Undirected","1373","5.1.13"
"CR","EN","Undirected","1374","5.1.14"
"BO","CR","Undirected","1375","5.1.14"
"CR","GV","Undirected","1376","5.1.14"
"BO","EN","Undirected","1377","5.1.14"
"EN","GV","Undirected","1378","5.1.14"
"BO","GV","Undirected","1379","5.1.14"
"BO","EN","Undirected","1380","5.1.14"
"CR","GA","Undirected","1381","5.1.15"
"GA","GV","Undirected","1382","5.1.15"
"XA","XB","Undirected","1383","5.1.16"
"BX","XA","Undirected","1384","5.1.16"
"BY","XA","Undirected","1385","5.1.16"
"BX","XB","Undirected","1386","5.1.16"
"BY","XB","Undirected","1387","5.1.16"
"BX","BY","Undirected","1388","5.1.16"
"XA","XB","Undirected","1389","5.1.16"
"CM","MA","Undirected","1390","5.1.17"
"GA","MA","Undirected","1391","5.1.17"
"CR","MA","Undirected","1392","5.1.17"
"CM","GA","Undirected","1393","5.1.17"
"CM","CR","Undirected","1394","5.1.17"
"CR","GA","Undirected","1395","5.1.17"
"CM","JV","Undirected","1396","5.1.17"
"CM","EN","Undirected","1397","5.1.17"
"CM","CR","Undirected","1398","5.1.17"
"CR","EN","Undirected","1399","5.1.17"
"BO","CM","Undirected","1400","5.1.17"
"CM","FE","Undirected","1401","5.1.17"
"CM","JO","Undirected","1402","5.1.17"
"BO","FE","Undirected","1403","5.1.17"
"BO","JO","Undirected","1404","5.1.17"
"FE","JO","Undirected","1405","5.1.17"
"CM","EN","Undirected","1406","5.1.18"
"BO","CM","Undirected","1407","5.1.18"
"CM","MA","Undirected","1408","5.1.18"
"CM","FE","Undirected","1409","5.1.18"
"BO","EN","Undirected","1410","5.1.18"
"EN","MA","Undirected","1411","5.1.18"
"EN","FE","Undirected","1412","5.1.18"
"BO","MA","Undirected","1413","5.1.18"
"BO","FE","Undirected","1414","5.1.18"
"FE","MA","Undirected","1415","5.1.18"
"EN","JA","Undirected","1416","5.1.18"
"EN","JV","Undirected","1417","5.1.18"
"JA","JV","Undirected","1418","5.1.18"
"EN","JA","Undirected","1419","5.1.18"
"JA","JV","Undirected","1420","5.1.18"
"EN","MA","Undirected","1421","5.1.18"
"JA","MA","Undirected","1422","5.1.18"
"EN","JA","Undirected","1423","5.1.18"
"JA","JV","Undirected","1424","5.1.19"
"EP","JA","Undirected","1425","5.1.19"
"JA","JV","Undirected","1426","5.1.19"
"EN","MA","Undirected","1427","5.1.19"
"JV","MA","Undirected","1428","5.1.19"
"EN","MA","Undirected","1429","5.1.21"
"CR","EN","Undirected","1430","5.1.21"
"BO","EN","Undirected","1431","5.1.21"
"EN","FE","Undirected","1432","5.1.21"
"CM","EN","Undirected","1433","5.1.21"
"EN","JO","Undirected","1434","5.1.21"
"CR","MA","Undirected","1435","5.1.21"
"BO","MA","Undirected","1436","5.1.21"
"FE","MA","Undirected","1437","5.1.21"
"CM","MA","Undirected","1438","5.1.21"
"JO","MA","Undirected","1439","5.1.21"
"BO","CR","Undirected","1440","5.1.21"
"CR","FE","Undirected","1441","5.1.21"
"CM","CR","Undirected","1442","5.1.21"
"CR","JO","Undirected","1443","5.1.21"
"BO","FE","Undirected","1444","5.1.21"
"BO","CM","Undirected","1445","5.1.21"
"BO","JO","Undirected","1446","5.1.21"
"CM","FE","Undirected","1447","5.1.21"
"FE","JO","Undirected","1448","5.1.21"
"CM","JO","Undirected","1449","5.1.21"
"EN","MA","Undirected","1450","5.1.21"
"EN","MA","Undirected","1451","5.1.22"
"EN","GV","Undirected","1452","5.1.22"
"GV","MA","Undirected","1453","5.1.22"
"EN","GT","Undirected","1454","5.1.23"
"EN","GV","Undirected","1455","5.1.23"
"GT","GV","Undirected","1456","5.1.23"
"JV","MA","Undirected","1457","5.1.24"
"JV","MA","Undirected","1458","5.3.1"
"JV","MA","Undirected","1459","5.3.1"
"JV","SW","Undirected","1460","5.3.1"
"MA","SW","Undirected","1461","5.3.1"
"JV","MA","Undirected","1462","5.3.2"
"JV","SW","Undirected","1463","5.3.2"
"JA","TH","Undirected","1464","5.3.3"
"CJ","JA","Undirected","1465","5.3.3"
"JA","TH","Undirected","1466","5.3.3"
"JV","MA","Undirected","1467","5.3.4"
"JV","MA","Undirected","1468","5.3.5"
"JV","MA","Undirected","1469","5.3.6"
"JV","MA","Undirected","1470","5.3.7"
"JV","TH","Undirected","1471","5.3.8"
"JV","MA","Undirected","1472","5.3.8"
"MA","TH","Undirected","1473","5.3.8"
"JV","MA","Undirected","1474","5.3.9"
"JA","JV","Undirected","1475","5.3.9"
"JA","MA","Undirected","1476","5.3.9"
"CJ","JA","Undirected","1477","5.3.9"
"CX","JA","Undirected","1478","5.3.10"
"CJ","JV","Undirected","1479","5.3.10"
"JV","MA","Undirected","1480","5.3.10"
"CJ","MA","Undirected","1481","5.3.10"
"JV","MA","Undirected","1482","5.3.10"
"CX","JA","Undirected","1483","5.3.10"
"BQ","CX","Undirected","1484","5.3.10"
"BQ","NI","Undirected","1485","5.3.10"
"MG","NI","Undirected","1486","5.3.10"
"JA","JV","Undirected","1487","5.3.10"
"CJ","JA","Undirected","1488","5.3.10"
"JA","JV","Undirected","1489","5.3.11"
"CJ","JA","Undirected","1490","5.3.11"
"JA","JV","Undirected","1491","5.3.11"
"BQ","CX","Undirected","1492","5.3.12"
"BQ","MA","Undirected","1493","5.3.12"
"BQ","MG","Undirected","1494","5.3.12"
"BQ","DG","Undirected","1495","5.3.12"
"CX","MA","Undirected","1496","5.3.12"
"CX","MG","Undirected","1497","5.3.12"
"CX","DG","Undirected","1498","5.3.12"
"MA","MG","Undirected","1499","5.3.12"
"DG","MA","Undirected","1500","5.3.12"
"DG","MG","Undirected","1501","5.3.12"
"BQ","NI","Undirected","1502","5.3.12"
"DG","GI","Undirected","1503","5.3.12"
"DG","MA","Undirected","1504","5.3.12"
"GI","MA","Undirected","1505","5.3.12"
"DG","GI","Undirected","1506","5.3.12"
"GI","MA","Undirected","1507","5.3.12"
"BZ","JV","Undirected","1508","5.5.1"
"CX","JV","Undirected","1509","5.5.2"
"GI","MA","Undirected","1510","5.5.2"
"GI","MA","Undirected","1511","5.5.3"
"CO","MA","Undirected","1512","5.5.4"
"CO","JV","Undirected","1513","5.5.4"
"CO","CX","Undirected","1514","5.5.4"
"JV","MA","Undirected","1515","5.5.4"
"CX","MA","Undirected","1516","5.5.4"
"CX","JV","Undirected","1517","5.5.4"
"MG","NI","Undirected","1518","5.5.4"
"GI","NI","Undirected","1519","5.5.4"
"GI","MG","Undirected","1520","5.5.4"
"GI","JV","Undirected","1521","5.5.4"
"CO","MA","Undirected","1522","5.5.4"
"GI","MA","Undirected","1523","5.5.4"
"GI","JV","Undirected","1524","5.5.4"
"JV","MG","Undirected","1525","5.5.4"
"GI","MG","Undirected","1526","5.5.4"
"GI","MA","Undirected","1527","5.5.6"
"CO","GI","Undirected","1528","5.5.6"
"GI","JV","Undirected","1529","5.5.6"
"CO","MA","Undirected","1530","5.5.6"
"JV","MA","Undirected","1531","5.5.6"
"CO","JV","Undirected","1532","5.5.6"
"GI","MA","Undirected","1533","5.5.6"
"CO","MA","Undirected","1534","5.5.7"
"JV","MA","Undirected","1535","5.5.7"
"CO","JV","Undirected","1536","5.5.7"
"JV","MA","Undirected","1537","5.5.7"
"CO","MA","Undirected","1538","5.5.8"
"JV","MA","Undirected","1539","5.5.8"
"CO","JV","Undirected","1540","5.5.8"
"CO","MA","Undirected","1541","5.6.1"
"GI","MA","Undirected","1542","5.6.1"
"JV","MA","Undirected","1543","5.6.1"
"GI","JV","Undirected","1544","5.6.1"
"GI","MA","Undirected","1545","5.6.1"
"AZ","TH","Undirected","1546","5.6.1"
"JV","TH","Undirected","1547","5.6.1"
"AZ","JV","Undirected","1548","5.6.1"
"CO","MA","Undirected","1549","5.6.2"
"CO","GI","Undirected","1550","5.6.2"
"CO","JV","Undirected","1551","5.6.2"
"CO","MG","Undirected","1552","5.6.2"
"GI","MA","Undirected","1553","5.6.2"
"JV","MA","Undirected","1554","5.6.2"
"MA","MG","Undirected","1555","5.6.2"
"GI","JV","Undirected","1556","5.6.2"
"GI","MG","Undirected","1557","5.6.2"
"JV","MG","Undirected","1558","5.6.2"
"CO","MA","Undirected","1559","5.6.2"
"CO","JV","Undirected","1560","5.6.2"
"BQ","GI","Undirected","1561","5.6.2"
"GI","MA","Undirected","1562","5.6.2"
"CO","GI","Undirected","1563","5.6.2"
"CO","MA","Undirected","1564","5.6.2"
"BQ","JV","Undirected","1565","5.7.1"
"JV","MA","Undirected","1566","5.7.1"
"JV","MA","Undirected","1567","5.7.1"
"CO","MA","Undirected","1568","5.7.1"
"CO","JV","Undirected","1569","5.7.1"
"JV","MA","Undirected","1570","5.7.1"
"BQ","JV","Undirected","1571","5.8.1"
"CO","JV","Undirected","1572","5.8.1"
"CO","JV","Undirected","1573","5.8.2"
"CO","MA","Undirected","1574","5.8.3"
"BQ","JV","Undirected","1575","5.8.3"
"CO","JV","Undirected","1576","5.8.3"
"JV","NI","Undirected","1577","5.8.3"
"CO","MA","Undirected","1578","5.9.1"
"CY","JV","Undirected","1579","5.9.2"
"CY","CZ","Undirected","1580","5.9.2"
"CY","DJ","Undirected","1581","5.9.2"
"DJ","JV","Undirected","1582","5.9.2"
"MA","TH","Undirected","1583","5.9.4"
"CO","MA","Undirected","1584","5.9.4"
"CO","JV","Undirected","1585","5.9.5"
"JV","MA","Undirected","1586","5.9.5"
"CO","MA","Undirected","1587","5.9.5"
"DJ","MA","Undirected","1588","5.9.5"
"CY","DJ","Undirected","1589","5.9.5"
